Workbook

Sheet MOE
D2: Numéro de programme : | E2: RC002170 | H2: A, | J2: Le
D3: Dénomination programme : | E3: 17 RUE DU VIALMUR - POMPES A CHALEUR | H3: Signature et cachet du titulaire
D4: Forfait de rémunération : | F4: € HT
D5: Taux de rémunération : | E5: =+E4/E6 -> #DIV/0!
D6: Coût prévisionnel des travaux : | F6: € HT
D7: Taux TVA appliqué : | E7: 0
B9: DENOMINATION SOCIALE | D9: N° SIRET | E9: CODE APE | F9: N° TVA INTRACOMMUNAUTAIRE | H9: ADRESSE
A10: Titulaire
A11: Cotraitant 1
A12: Cotraitant 2
A13: Cotraitant 3
A14: Cotraitant 4
A15: Cotraitant 5
A17: Eléments de mission | B17: Répartition par cotraitant (en euros HT) | H17: Total sur honoraire % | J17: TVA
B18: Titulaire | C18: =+A11 -> Cotraitant 1 | D18: =+A12 -> Cotraitant 2 | E18: =+A13 -> Cotraitant 3 | F18: =+A14 -> Cotraitant 4 | G18: =+A15 -> Cotraitant 5 | J18: =+E7 -> 0
B19: =+B10 -> 0 | C19: =+B11 -> 0 | D19: =+B12 -> 0 | E19: =+B13 -> 0 | F19: =+B14 -> 0 | G19: =+B15 -> 0 | I19: Montant HT | J19: Montant TTC
A20: DIAG | B20: 1 | H20: =I20/$I$31 -> 1 | I20: =+SUM(B20:G20) -> 1 | J20: =+I20+I20*$J$18 -> 1
A21: APS | H21: =I21/$I$31 -> 0 | I21: =+SUM(B21:G21) -> 0 | J21: =+I21+I21*$J$18 -> 0
A22: APD | H22: =I22/$I$31 -> 0 | I22: =+SUM(B22:G22) -> 0 | J22: =+I22+I22*$J$18 -> 0
A23: PC | H23: =I23/$I$31 -> 0 | I23: =+SUM(B23:G23) -> 0 | J23: =+I23+I23*$J$18 -> 0
A24: PRO | H24: =I24/$I$31 -> 0 | I24: =+SUM(B24:G24) -> 0 | J24: =+I24+I24*$J$18 -> 0
A25: ACT | H25: =I25/$I$31 -> 0 | I25: =+SUM(B25:G25) -> 0 | J25: =+I25+I25*$J$18 -> 0
A26: EXE | H26: =I26/$I$31 -> 0 | I26: =+SUM(B26:G26) -> 0 | J26: =+I26+I26*$J$18 -> 0
A27: DET | H27: =I27/$I$31 -> 0 | I27: =+SUM(B27:G27) -> 0 | J27: =+I27+I27*$J$18 -> 0
A28: AOR | H28: =I28/$I$31 -> 0 | I28: =+SUM(B28:G28) -> 0 | J28: =+I28+I28*$J$18 -> 0
A29: OPC | H29: =I29/$I$31 -> 0 | I29: =+SUM(B29:G29) -> 0 | J29: =+I29+I29*$J$18 -> 0
A30: DPE | H30: =I30/$I$31 -> 0 | I30: =+SUM(B30:G30) -> 0 | J30: =+I30+I30*$J$18 -> 0
A31: TOTAL | B31: =+SUM(B20:B30) -> 1 | C31: =+SUM(C20:C30) -> 0 | D31: =+SUM(D20:D30) -> 0 | E31: =+SUM(E20:E30) -> 0 | F31: =+SUM(F20:F30) -> 0 | G31: =+SUM(G20:G30) -> 0 | H31: =+SUM(H20:H30) -> 1 | I31: =+SUM(I20:I30) -> 1 | J31: =+SUM(J20:J30) -> 1

Sheet OPC
D2: Numéro de programme : | E2: =+MOE!E2 -> RC002170 | H2: A, | J2: Le
D3: Dénomination programme : | E3: =+MOE!E3 -> 17 RUE DU VIALMUR - POMPES A CHALEUR | H3: Signature et cachet du titulaire
D4: Forfait de rémunération : | F4: € HT
D5: Taux de rémunération : | E5: =+E4/E6 -> 0
D6: Coût prévisionnel des travaux : | E6: 250000 | F6: € HT
D7: Taux TVA appliqué : | E7: 0.2
B9: DENOMINATION SOCIALE | D9: N° SIRET | E9: CODE APE | F9: N° TVA INTRACOMMUNAUTAIRE | H9: ADRESSE
A10: Titulaire
A12: Eléments de mission | B12: Répartition par phase (en euros HT) | I12: TVA | J12: TVA
B13: Titulaire | G13: Montant HT | I13: =+E7 -> 0.2
B14: =+B10 -> 0 | H14: Montant HT | J14: Montant TTC
A15: ETUDE | B15: Participation à 3 réunion minimum | H15: =+SUM(B15:G15) -> 0 | I15: =+H15*$I$13 -> 0 | J15: =+H15+H15*$I$13 -> 0
A16: TRAVAUX | B16: Organigramme fonctionnel | H16: =+SUM(B16:G16) -> 0 | I16: =+H16*$I$13 -> 0 | J16: =+H16+H16*$I$13 -> 0
B17: Calendrier général de l'opération | H17: =+SUM(B17:G17) -> 0 | I17: =+H17*$I$13 -> 0 | J17: =+H17+H17*$I$13 -> 0
B18: Calendrier détaillé TCE - plan de phasage | H18: =+SUM(B18:G18) -> 0 | I18: =+H18*$I$13 -> 0 | J18: =+H18+H18*$I$13 -> 0
B19: Visites de chantier (1 réunion hebdomadaire) | H19: =+SUM(B19:G19) -> 0 | I19: =+H19*$I$13 -> 0 | J19: =+H19+H19*$I$13 -> 0
B20: Visites de contrôle (1 réunion hebdo. suppl.) | H20: =+SUM(B20:G20) -> 0 | I20: =+H20*$I$13 -> 0 | J20: =+H20+H20*$I$13 -> 0
B21: Comptes rendus visites de chantier (1/sem) | H21: =+SUM(B21:G21) -> 0 | I21: =+H21*$I$13 -> 0 | J21: =+H21+H21*$I$13 -> 0
B22: Comptes rendus visites de contrôles (1/sem) | H22: =+SUM(B22:G22) -> 0 | I22: =+H22*$I$13 -> 0 | J22: =+H22+H22*$I$13 -> 0
A23: OPR | B23: Visites de chantier (1 réunion hebdomadaire) | H23: =+SUM(B23:G23) -> 0 | I23: =+H23*$I$13 -> 0 | J23: =+H23+H23*$I$13 -> 0
B24: Visites de contrôle (1 réunion hebdo. suppl.) | H24: =+SUM(B24:G24) -> 0 | I24: =+H24*$I$13 -> 0 | J24: =+H24+H24*$I$13 -> 0
B25: Comptes rendus visites de chantier (1/sem) | H25: =+SUM(B25:G25) -> 0 | I25: =+H25*$I$13 -> 0 | J25: =+H25+H25*$I$13 -> 0
B26: Comptes rendus visites de contrôles (1/sem) | H26: =+SUM(B26:G26) -> 0 | I26: =+H26*$I$13 -> 0 | J26: =+H26+H26*$I$13 -> 0
A27: TOTAL | G27: =+SUM(G15:G26) -> 0 | H27: =+SUM(H15:H26) -> 0 | I27: =+SUM(H15:H26) -> 0 | J27: =+SUM(J15:J26) -> 0

Sheet SPS
D2: Numéro de programme : | E2: =+MOE!E2 -> RC002170 | H2: A, | J2: Le
D3: Dénomination programme : | E3: =+MOE!E3 -> 17 RUE DU VIALMUR - POMPES A CHALEUR | H3: Signature et cachet du titulaire
D4: Forfait de rémunération : | E4: =+H28 -> 0 | F4: € HT
D5: Taux de rémunération : | E5: =+E4/E6 -> 0
D6: Coût prévisionnel des travaux : | E6: 3992734.5 | F6: € HT
D7: Taux TVA appliqué :
B9: DENOMINATION SOCIALE | D9: N° SIRET | E9: CODE APE | F9: N° TVA INTRACOMMUNAUTAIRE | H9: ADRESSE
A10: Titulaire
A12: Eléments de mission | B12: Répartition par phase (en euros HT) | I12: TVA | J12: TVA
B13: Titulaire | G13: Montant HT | I13: =+E7 -> 0
B14: =+B10 -> 0 | H14: Montant HT | J14: Montant TTC
A15: CONCEPTION | B15: Prise en compte du projet : plans, documents, planning | H15: =+SUM(B15:G15) -> 0 | I15: =+H15*$I$13 -> 0 | J15: =+H15+H15*$I$13 -> 0
B16: Déclaration préalable, documents administratifs : aide à la rédaction | H16: =+SUM(B16:G16) -> 0 | I16: =+H16*$I$13 -> 0 | J16: =+H16+H16*$I$13 -> 0
B17: Participations aux réunions de préparation (1 réunion) | H17: =+SUM(B17:G17) -> 0 | I17: =+H17*$I$13 -> 0 | J17: =+H17+H17*$I$13 -> 0
B18: Elaboration du PGC | H18: =+SUM(B18:G18) -> 0 | I18: =+H18*$I$13 -> 0 | J18: =+H18+H18*$I$13 -> 0
B19: Constitution du DIUO | H19: =+SUM(B19:G19) -> 0 | I19: =+H19*$I$13 -> 0 | J19: =+H19+H19*$I$13 -> 0
B20: Constitution du RJC | H20: =+SUM(B20:G20) -> 0 | I20: =+H20*$I$13 -> 0 | J20: =+H20+H20*$I$13 -> 0
A21: REALISATION | B21: Organisation des inspections communes des entreprises | H21: =+SUM(B21:G21) -> 0 | I21: =+H21*$I$13 -> 0 | J21: =+H21+H21*$I$13 -> 0
B22: Examen et harmonisation des PPSPS et mise à jour du PGC | H22: =+SUM(B22:G22) -> 0 | I22: =+H22*$I$13 -> 0 | J22: =+H22+H22*$I$13 -> 0
B23: Participation à réunion technique de coordination (1 réunion) | H23: =+SUM(B23:G23) -> 0 | I23: =+H23*$I$13 -> 0 | J23: =+H23+H23*$I$13 -> 0
B24: Participation aux réunions techniques de chantier (20 réunions) | H24: =+SUM(B24:G24) -> 0 | I24: =+H24*$I$13 -> 0 | J24: =+H24+H24*$I$13 -> 0
B25: Visites inopinées hors réunions (5 visites) | H25: =+SUM(B25:G25) -> 0 | I25: =+H25*$I$13 -> 0 | J25: =+H25+H25*$I$13 -> 0
B26: Mise à jour documents | H26: =+SUM(B26:G26) -> 0 | I26: =+H26*$I$13 -> 0 | J26: =+H26+H26*$I$13 -> 0
B27: Mise à jour DIUO | H27: =+SUM(B27:G27) -> 0 | I27: =+H27*$I$13 -> 0 | J27: =+H27+H27*$I$13 -> 0
A28: TOTAL | G28: =+SUM(G15:G27) -> 0 | H28: =+SUM(H15:H27) -> 0 | I28: =+SUM(I15:I27) -> 0 | J28: =+SUM(J15:J27) -> 0

Sheet OS ETUDES
A6: ORDRE DE SERVICE | C6: 1
A11: Pouvoir adjudicataire : | C11: BRIVE HABITAT
C12: 49 rue Poncelet - 19100 Brive
A15: Titulaire du contrat : | C15: SEBTP
C16: 16 avenue Thiers - 19100 Brive
A19: Objet de l'OS : | C19: Etudes et branchements
A22: Pour l'opération : | C22: CN002165
C24: ROUSSEAU - CONSTRUCTION DE 28 LOGEMENTS
B27: =+C15 -> SEBTP | C27: est invitée à exécuter les prestations du marché de réalisation-conception à compter du :
A30: 45733
B34: Maîtrise d'œuvre | F34: Maîtrise d'ouvrage
B35: Le, | F35: Le,

Sheet ANALYSE
A1: =+MOE!E3 -> 17 RUE DU VIALMUR - POMPES A CHALEUR
A3: 45898 | B3: Envoi par mail de demande de prix pour la mission
A4: 45919 | B4: - Date butoir
B6: Destinataires | C6: Retour le | D6: Montant proposé (en € HT)
A7: DELCAMBRE | B7: secretariat@delcambre.fr | C7: 45918 | D7: Base* : 16 871,25 € HT
A8: FTS | B8: contact@fts-faugeras.fr | C8: pas de retour | D8: -
A9: CLIM ENERGIE | B9: accueil@sasclimenergie.fr | C9: pas de retour | D9: -
A11: * prix de base : diagnostic pompes et déplacement 13 unités extérieures
B12: Il est proposé d'attribuer la mission à : | C12: DELCAMBRE
A15: =+MOE!E3 -> 17 RUE DU VIALMUR - POMPES A CHALEUR | D15: CSPS
A17: 45735 | B17: - Envoi par mail de demande de prix pour la mission de Contrôle Technique à :
A18: 45750 | B18: - Date butoir
C20: Retour le | D20: Montant proposé (en € HT)
A21: ALPES CONTROLES | B21: fsousquieres@alpes-controles.fr
A22: SOCOTEC | B22: patrice.massebeuf@socotec.com
A23: APAVE | B23: jerome.croizet@apave.com
B25: Il est proposé d'attribuer la mission CSPS à : | C25: SOCOTEC
A28: =+MOE!E3 -> 17 RUE DU VIALMUR - POMPES A CHALEUR | D28: OPC
A30: Vendredi 5 janvier - Envoi par mail de demande de prix pour la mission d'Ordonnancement, le Pilotage et la Coordination | B30: - Envoi par mail de demande de prix pour la mission de Contrôle Technique à :
A31: Date butoir : 29 janvier 2024 | B31: - Date butoir
C33: Retour le | D33: Montant proposé (en € HT)
A34: OURAL | B34: contact@oural-architectes.com | C34: 44955 | D34: 12800
A35: COPILOT | B35: fred.lavaire@copilot19.fr | C35: 45310 | D35: 16880
A36: DEJANTE | B36: contact1@dejante-infra.com | C36: pas de réponse | D36: -
A37: ODETEC | B37: concours@odetec.fr | C37: 45315 | D37: 25080
B39: Il est proposé d'attribuer la mission OPC à : | C39: OURAL

Sheet DPGF SOMMAIRE
D2: Numéro de programme : | E2: RC002173 | I2: A, | K2: Le
D3: Dénomination programme : | E3: PIERRE MAS - FACADES | I3: Signature et cachet du titulaire
D4: Montant du DPGF : | E4: =+I29 -> 0 | F4: € HT
D5: Coût prévisionnel des travaux : | E5: 0 | F5: € HT
D6: Taux TVA appliqué : | E6: =+J13 -> 0.2
B9: DENOMINATION SOCIALE | D9: N° SIRET | E9: CODE APE | F9: N° TVA INTRACOMMUNAUTAIRE | H9: ADRESSE
A10: Titulaire
A12: Eléments de mission | B12: Répartition par phase (en euros HT) | J12: TVA
B13: Titulaire | H13: Montant HT | J13: 0.2
B14: =+B10 -> 0 | I14: Montant HT | K14: Montant TTC
A15: PROTECTIONS | B15: Protections collectives - approvisionnements | G15: 1 | I15: =+G15*H15 -> 0 | J15: =+I15*$J$13 -> 0 | K15: =+I15+I15*$J$13 -> 0
B16: Nacelles - Echafaudage - Plateformes - Protections collectives | G16: 1 | I16: =+G16*H16 -> 0 | J16: =+I16*$J$13 -> 0 | K16: =+I16+I16*$J$13 -> 0
A17: FACADES | B17: Superficie des facades (panneaux et bardages bois) | G17: 1540,49 m²
B18: Nettoyage des panneaux stratifiées par lavage haute pression et traitement biocide (assurant la perennité des travaux) | I18: =+G18*H18 -> 0 | J18: =+I18*$J$13 -> 0 | K18: =+I18+I18*$J$13 -> 0
B19: Nettoyage et lasurage des volets en bois et du bardage bois y compris toutes sujétions de mise en œuvre | I19: =+G19*H19 -> 0 | J19: =+I19*$J$13 -> 0 | K19: =+I19+I19*$J$13 -> 0
A20: GARDE-CORPS | G20: 165,15 ml
B21: Peinture des gardes-corps y compris toutes sujétions de mise en œuvre | G21: 165,15 ml
I22: =+G22*H22 -> 0 | J22: =+I22*$J$13 -> 0 | K22: =+I22+I22*$J$13 -> 0
A23: OPTION | B23: Lasurage du local poubelle | G23: 1 | I23: =+G23*H23 -> 0 | J23: =+I23*$J$13 -> 0 | K23: =+I23+I23*$J$13 -> 0
I24: =+G24*H24 -> 0 | J24: =+I24*$J$13 -> 0 | K24: =+I24+I24*$J$13 -> 0
I25: =+G25*H25 -> 0 | J25: =+I25*$J$13 -> 0 | K25: =+I25+I25*$J$13 -> 0
I26: =+G26*H26 -> 0 | J26: =+I26*$J$13 -> 0 | K26: =+I26+I26*$J$13 -> 0
I27: =+G27*H27 -> 0 | J27: =+I27*$J$13 -> 0 | K27: =+I27+I27*$J$13 -> 0
I28: =+G28*H28 -> 0 | J28: =+I28*$J$13 -> 0 | K28: =+I28+I28*$J$13 -> 0
A29: TOTAL | I29: =+SUM(I15:I28) -> 0 | J29: =+SUM(J15:J28) -> 0 | K29: =+SUM(K15:K28) -> 0
